pub_date,title,venue,excerpt,citation,url_slug,paper_url,slides_url,category,bibtex_url
2026-12-28,Filon methods for highly oscillatory controlled quantum systems,"Submitted, SIAM Journal on Scientific Computing",,"S. Lee and D. Appelö. Submitted to SIAM Journal on Scientific Computing, Special Section on Quantum Computing: Numerical Algorithms and Applications, 2026.",filon-oscillatory-quantum,https://arxiv.org/abs/2607.13580,,preprints,
2026-12-27,Gregory nested Picard iteration schemes for open quantum systems governed by the Lindblad equation,arXiv:2606.29002,,"J. Hu, D. Appelö and Y. Cheng. arXiv:2606.29002, 2026.",gregory-picard-lindblad,https://arxiv.org/abs/2606.29002,,preprints,
2026-12-26,Numerical study of eigenvector deflation to accelerate the WaveHoltz method,arXiv:2606.31842,,"D. Appelö, W. D. Henshaw and Z. Peng. arXiv:2606.31842, 2026.",eigenvector-deflation-waveholtz,https://arxiv.org/abs/2606.31842,,preprints,
2026-12-25,The WaveHoltz heterogeneous multiscale method,arXiv:2607.05811,,"A. Rotem, O. Runborg and D. Appelö. arXiv:2607.05811, 2026.",waveholtz-heterogeneous-multiscale,https://arxiv.org/abs/2607.05811,,preprints,
2026-12-24,Completely positive and trace preserving schemes with tensor train compression for the Lindblad equation,arXiv:2605.01494,,"P. DelMastro, D. Appelö and Y. Cheng. arXiv:2605.01494, 2026.",cptp-tensor-train-lindblad,https://arxiv.org/abs/2605.01494,,preprints,
2025-12-28,Arbitrary high order low-rank completely positive and trace preserving (CPTP) schemes for Lindblad equations with time-dependent Hamiltonian,arXiv:2511.12012,,"J. Hu, D. Appelö and Y. Cheng. arXiv:2511.12012, 2025.",high-order-lowrank-cptp-lindblad,https://arxiv.org/abs/2511.12012,,preprints,
2025-12-27,A new cross approximation for Tucker tensors and its application in Tucker-Anderson acceleration,Submitted (arXiv:2509.18554),,"D. Appelö and Y. Cheng. Submitted, arXiv:2509.18554, 2025.",tucker-cross-approximation,https://arxiv.org/abs/2509.18554,,preprints,
2025-12-26,A multi-frequency Helmholtz solver based on the WaveHoltz algorithm,Submitted (arXiv:2507.23613),,"D. Appelö, F. Appiah, J. W. Banks, C. Carrick, W. D. Henshaw and D. W. Schwendeman. Submitted, arXiv:2507.23613, 2025.",multi-frequency-helmholtz-waveholtz,https://arxiv.org/abs/2507.23613,,preprints,
2025-12-25,A P-adaptive Hermite method for nonlinear dispersive Maxwell's equations,arXiv:2504.09269,,"Y.-M. Law, Z. Peng, D. Appelö and T. Hagstrom. arXiv:2504.09269, 2025.",p-adaptive-hermite-maxwell,https://arxiv.org/abs/2504.09269,,preprints,
2026-12-23,lrAA: Low-rank Anderson acceleration,SIAM Journal on Scientific Computing (accepted),,"D. Appelö and Y. Cheng. SIAM Journal on Scientific Computing (accepted), 2026.",lraa-low-rank-anderson,https://arxiv.org/abs/2503.03909,,manuscripts,
2026-12-22,Convergence of the semi-discrete WaveHoltz iteration,Journal of Computational Physics,,"A. Rotem, O. Runborg and D. Appelö. Journal of Computational Physics, 558:114882, 2026.",convergence-semidiscrete-waveholtz,https://arxiv.org/abs/2407.06929,,manuscripts,
2026-12-21,LR-WaveHoltz: A low-rank Helmholtz solver,Journal of Computational Physics,,"A. Granath, D. Appelö and S. Wang. Journal of Computational Physics, page 115175, 2026.",lr-waveholtz,https://arxiv.org/abs/2510.09352,,manuscripts,
2026-12-20,EigenWave: An optimal O(N) method for computing eigenvalues and eigenvectors by time-filtering the wave equation,Journal of Computational Physics,,"D. Appelö, J. W. Banks, W. D. Henshaw, N. Le and D. W. Schwendeman. Journal of Computational Physics, page 114758, 2026.",eigenwave,https://arxiv.org/abs/2507.18282,,manuscripts,
2026-12-19,An O(N) Helmholtz solver using WaveHoltz and overset grids,SIAM Journal on Scientific Computing,,"D. Appelö, J. W. Banks, W. D. Henshaw and D. W. Schwendeman. SIAM Journal on Scientific Computing, 48(3):A1367-A1398, 2026.",optimal-helmholtz-overset-grids,https://arxiv.org/abs/2504.03074,,manuscripts,
2026-12-18,A rule of thumb for choosing points-per-wavelength for finite difference approximations of Helmholtz problems,Journal of Computational Physics,,"D. Appelö, J. W. Banks, W. D. Henshaw and D. W. Schwendeman. Journal of Computational Physics, page 114703, 2026.",rule-of-thumb-points-per-wavelength,,,manuscripts,
2026-12-17,High-order Hermite optimization: Fast and exact gradient computation in open-loop quantum optimal control using a discrete adjoint approach,Journal of Computational Physics,,"S. Lee and D. Appelö. Journal of Computational Physics, 552:114697, 2026.",hermite-optimization-quantum-control,https://doi.org/10.1016/j.jcp.2026.114697,,manuscripts,
2026-12-16,Fast and high-order approximation of parabolic equations using hierarchical direct solvers and implicit Runge-Kutta methods,Communications on Applied Mathematics and Computation,,"K. Chen, D. Appelö, T. Babb and P.-G. Martinsson. Communications on Applied Mathematics and Computation, 8(1):248-268, 2026.",hierarchical-direct-solvers-parabolic,https://arxiv.org/abs/2306.02526,,manuscripts,
2025-12-24,Preconditioning low rank generalized minimal residual method (GMRES) for implicit discretizations of matrix differential equations,SIAM Journal on Matrix Analysis and Applications,,"S. Meng, D. Appelö and Y. Cheng. SIAM Journal on Matrix Analysis and Applications, 46(4):2475-2500, 2025.",preconditioning-low-rank-gmres,https://arxiv.org/abs/2410.07465,,manuscripts,
2025-12-23,Kraus is King: High-order completely positive and trace preserving (CPTP) low rank method for the Lindblad master equation,Journal of Computational Physics,,"D. Appelö and Y. Cheng. Journal of Computational Physics, 534:114036, 2025.",kraus-is-king,https://arxiv.org/abs/2409.08898,,manuscripts,
2025-12-22,The Hermite-Taylor correction function method for embedded boundary and Maxwell's interface problems,Journal of Computational Physics,,"Y.-M. Law, D. Appelö and T. Hagstrom. Journal of Computational Physics, 537(3):114111, 2025.",hermite-taylor-cfm-embedded-boundary,https://arxiv.org/abs/2301.01752,,manuscripts,
2025-12-21,Energy-conserving Hermite methods for Maxwell's equations,Communications on Applied Mathematics and Computation,,"D. Appelö, T. Hagstrom and Y.-M. Law-Kam-Cio. Communications on Applied Mathematics and Computation, 7:1146-1173, 2025.",energy-conserving-hermite-maxwell,https://arxiv.org/abs/2401.12043,,manuscripts,
2025-12-20,Robust implicit adaptive low rank time-stepping methods for matrix differential equations,Journal of Scientific Computing,,"D. Appelö and Y. Cheng. Journal of Scientific Computing, 102(3):81, 2025.",implicit-adaptive-low-rank-timestepping,https://arxiv.org/abs/2402.05347,,manuscripts,
2025-12-19,High order accurate Hermite schemes on curvilinear grids with compatibility boundary conditions,Journal of Computational Physics,,"A. Alvarez Loya, D. Appelö and W. D. Henshaw. Journal of Computational Physics, 522:113597, 2025.",hermite-curvilinear-compatibility-bc,https://arxiv.org/abs/2406.19496,,manuscripts,
2023-12-28,The Hermite-Taylor correction function method for Maxwell's equations,Communications on Applied Mathematics and Computation,,"Y.-M. Law and D. Appelö. Communications on Applied Mathematics and Computation, 2023.",hermite-taylor-cfm-maxwell,https://arxiv.org/abs/2210.07134,,manuscripts,
2023-12-27,Universal AMG accelerated embedded boundary method without small cell stiffness,Journal of Scientific Computing,,"Z. Peng, D. Appelö and S. Liu. Journal of Scientific Computing, 97(2):40, 2023.",universal-amg-embedded-boundary,https://arxiv.org/abs/2204.06083,,manuscripts,
2023-12-26,Noise-specific beating in the higher-level Ramsey curves of a transmon qubit,Applied Physics Letters,,"L. A. Martinez, Z. Peng, D. Appelö, D. M. Tennant, N. Anders Petersson, J. L. DuBois and Y. J. Rosen. Applied Physics Letters, 122(11):114002, 2023.",noise-specific-beats-ramsey,https://doi.org/10.1063/5.0138811,,manuscripts,
2023-12-25,An energy-based discontinuous Galerkin method with tame CFL numbers for the wave equation,BIT Numerical Mathematics,,"D. Appelö, L. Zhang, T. Hagstrom and F. Li. BIT Numerical Mathematics, 63(1):5, 2023.",energy-based-dg-tame-cfl,https://arxiv.org/abs/2110.07099,,manuscripts,
2023-12-24,Fourier continuation discontinuous Galerkin methods for linear hyperbolic problems,Communications on Applied Mathematics and Computation,,"D. Appelö, K. van der Sande and N. Albin. Communications on Applied Mathematics and Computation, 5:1385-1405, 2023.",fourier-continuation-dg,https://arxiv.org/abs/2105.00123,,manuscripts,
2022-12-28,El-WaveHoltz: A time-domain iterative solver for time-harmonic elastic waves,Computer Methods in Applied Mechanics and Engineering,,"D. Appelö, F. Garcia, A. Alvarez Loya and O. Runborg. Computer Methods in Applied Mechanics and Engineering, 401:115603, 2022.",el-waveholtz,https://doi.org/10.1016/j.cma.2022.115603,,manuscripts,
2022-12-27,EM-WaveHoltz: A flexible frequency-domain method built from time-domain solvers,IEEE Transactions on Antennas and Propagation,,"Z. Peng and D. Appelö. IEEE Transactions on Antennas and Propagation, 70(7):5659-5671, 2022.",em-waveholtz,https://doi.org/10.1109/TAP.2022.3161448,,manuscripts,
2022-12-26,An energy-based summation-by-parts finite difference method for the wave equation in second order form,Journal of Scientific Computing,,"S. Wang, D. Appelö and G. Kreiss. Journal of Scientific Computing, 91(2):1-22, 2022.",energy-based-sbp-wave,https://arxiv.org/abs/2103.02006,,manuscripts,
2022-12-25,Anderson acceleration based on the Hs Sobolev norm for contractive and noncontractive fixed-point operators,Journal of Computational and Applied Mathematics,,"Y. Yang, A. Townsend and D. Appelö. Journal of Computational and Applied Mathematics, 403:113844, 2022.",anderson-acceleration-sobolev,https://arxiv.org/abs/2002.03694,,manuscripts,
2022-12-24,"Accuracy of spectral element method for wave, parabolic, and Schrodinger equations",SIAM Journal on Numerical Analysis,,"H. Li, D. Appelö and X. Zhang. SIAM Journal on Numerical Analysis, 60(1):339-363, 2022.",accuracy-spectral-element,https://arxiv.org/abs/2103.00400,,manuscripts,
2022-12-23,A Hermite method with a discontinuity sensor for Hamilton-Jacobi equations,Journal of Scientific Computing,,"A. Alvarez Loya and D. Appelö. Journal of Scientific Computing, 90(3):1-31, 2022.",hermite-discontinuity-sensor-hj,https://doi.org/10.1007/s10915-022-01766-2,,manuscripts,
2021-12-28,Energy-based discontinuous Galerkin difference methods for second-order wave equations,Communications on Applied Mathematics and Computation,,"L. Zhang, D. Appelö and T. Hagstrom. Communications on Applied Mathematics and Computation, pages 1-25, 2021.",energy-based-dg-difference,https://arxiv.org/abs/2105.01722,,manuscripts,
2020-12-28,WaveHoltz: Iterative solution of the Helmholtz equation via the wave equation,SIAM Journal on Scientific Computing,,"D. Appelö, F. Garcia and O. Runborg. SIAM Journal on Scientific Computing, 42(4):A1950-A1983, 2020.",waveholtz,https://arxiv.org/abs/1910.10148,,manuscripts,
2020-12-27,An energy-based discontinuous Galerkin method for semilinear wave equations,Journal of Computational Physics,,"D. Appelö, T. Hagstrom, Q. Wang and L. Zhang. Journal of Computational Physics, 418:109608, 2020.",energy-based-dg-semilinear,https://doi.org/10.1016/j.jcp.2020.109608,,manuscripts,
2020-12-26,Hermite-discontinuous Galerkin overset grid methods for the scalar wave equation,Communications on Applied Mathematics and Computation,,"O. Beznosov and D. Appelö. Communications on Applied Mathematics and Computation, 2020.",hermite-dg-overset-grid,https://arxiv.org/abs/2001.05072,,manuscripts,
2020-12-25,Reevaluation of spin-orbit dynamics of polarized e-e+ beams in high energy circular accelerators and storage rings: An approach based on a Bloch equation,International Journal of Modern Physics A,,"K. Heinemann, D. Appelö, D. P. Barber, O. Beznosov and J. A. Ellison. International Journal of Modern Physics A, 35(15n16):2041003, 2020.",spin-orbit-bloch-equation,https://doi.org/10.1142/S0217751X20410031,,manuscripts,
2019-12-28,The Bloch equation for spin dynamics in electron storage rings: Computational and theoretical aspects,International Journal of Modern Physics A,,"K. Heinemann, D. Appelö, D. P. Barber, O. Beznosov and J. A. Ellison. International Journal of Modern Physics A, 34(36):1942032, 2019.",bloch-equation-spin-dynamics,https://doi.org/10.1142/S0217751X19420326,,manuscripts,
2019-12-27,Energy stable SBP-FDTD methods for Maxwell-Duffing models in nonlinear photonics,IEEE Journal on Multiscale and Multiphysics Computational Techniques,,"D. Appelö, V. A. Bokil, Y. Cheng and F. Li. IEEE Journal on Multiscale and Multiphysics Computational Techniques, 4:329-336, 2019.",energy-stable-sbp-fdtd,,,manuscripts,
2019-12-26,Wasserstein metric-driven Bayesian inversion with application to wave propagation problems,International Journal for Uncertainty Quantification,,"M. Motamed and D. Appelö. International Journal for Uncertainty Quantification, 9(4):395-414, 2019.",wasserstein-bayesian-inversion,https://arxiv.org/abs/1807.09682,,manuscripts,
2019-12-25,An energy-based discontinuous Galerkin method for the wave equation with advection,SIAM Journal of Numerical Analysis,,"L. Zhang, T. Hagstrom and D. Appelö. SIAM Journal of Numerical Analysis, 57(5):2469-2492, 2019.",energy-based-dg-advection,https://arxiv.org/abs/1903.06947,,manuscripts,
2019-12-24,An energy-based discontinuous Galerkin method for coupled elasto-acoustic wave equations in second-order form,International Journal for Numerical Methods in Engineering,,"D. Appelö and S. Wang. International Journal for Numerical Methods in Engineering, 119(7):618-638, 2019.",energy-based-dg-elasto-acoustic,https://arxiv.org/abs/1808.07565,,manuscripts,
2018-12-28,Hermite methods for the scalar wave equation,SIAM Journal on Scientific Computing,,"D. Appelö, T. Hagstrom and A. Vargas. SIAM Journal on Scientific Computing, 40(6):A3902-A3927, 2018.",hermite-methods-scalar-wave,https://arxiv.org/abs/1802.05246,,manuscripts,
2018-12-27,Flux-conservative Hermite methods for simulation of nonlinear conservation laws with shocks,Journal of Scientific Computing,,"A. Kornelus and D. Appelö. Journal of Scientific Computing, 76:24-47, 2018.",flux-conservative-hermite,https://doi.org/10.1007/s10915-017-0613-6,,manuscripts,
2018-12-26,A MultiOrder discontinuous Galerkin Monte Carlo method for hyperbolic problems with stochastic parameters,SIAM Journal on Numerical Analysis,,"M. Motamed and D. Appelö. SIAM Journal on Numerical Analysis, 56(1):448-468, 2018.",multiorder-dg-monte-carlo,,,manuscripts,
2018-12-25,An energy-based discontinuous Galerkin discretization of the elastic wave equation in second order form,Computer Methods in Applied Mechanics and Engineering,,"D. Appelö and T. Hagstrom. Computer Methods in Applied Mechanics and Engineering, 338:362-391, 2018.",energy-based-dg-elastic-wave,https://doi.org/10.1016/j.cma.2018.04.014,,manuscripts,
2017-12-28,An explicit Hermite-Taylor method for the Schrodinger equation,Communications in Computational Physics,,"D. Appelö, G. Kreiss and S. Wang. Communications in Computational Physics, 21(5):1207-1230, 2017.",explicit-hermite-taylor-schrodinger,,,manuscripts,
2015-12-28,A new discontinuous Galerkin formulation for wave equations in second order form,SIAM Journal on Numerical Analysis,,"D. Appelö and T. Hagstrom. SIAM Journal on Numerical Analysis, 53(6):2705-2726, 2015.",new-dg-formulation-wave,,,manuscripts,
2014-12-28,A hybrid Hermite-discontinuous Galerkin method for hyperbolic systems with application to Maxwell's equations,Journal of Computational Physics,,"X. Chen, D. Appelö and T. Hagstrom. Journal of Computational Physics, 257, Part A:501-520, 2014.",hybrid-hermite-dg-maxwell,,,manuscripts,
2012-12-28,A fourth-order embedded boundary method for the wave equation,SIAM Journal on Scientific Computing,,"D. Appelö and N. A. Petersson. SIAM Journal on Scientific Computing, 34(6):2982-3008, 2012.",fourth-order-embedded-boundary-wave,,,manuscripts,
2012-12-27,Numerical methods for solid mechanics on overlapping grids: Linear elasticity,Journal of Computational Physics,,"D. Appelö, J. W. Banks, W. D. Henshaw and D. W. Schwendeman. Journal of Computational Physics, 231(18):6012-6050, 2012.",solid-mechanics-overlapping-grids,,,manuscripts,
2012-12-26,Simulation of compressible flows using Hermite methods,The Journal of the Acoustical Society of America,,"T. Hagstrom, D. Appelö, T. Colonius, M. Inkman and C. Y. Jang. The Journal of the Acoustical Society of America, 131(4):3429-3429, 2012.",simulation-compressible-flows-hermite,,,manuscripts,
2011-12-28,On advection by Hermite methods,Pacific Journal of Applied Mathematics,,"D. Appelö and T. Hagstrom. Pacific Journal of Applied Mathematics, 4(2):125-139, 2011.",on-advection-by-hermite-methods,,,manuscripts,
2011-12-27,Minimum energy path to membrane pore formation and rupture,Physical Review Letters,,"C. L. Ting, D. Appelö and Z. G. Wang. Physical Review Letters, 106(16):168101, 2011.",minimum-energy-path-membrane-pore,,,manuscripts,
2010-12-28,Computational modeling and experiments of natural convection for a Titan Montgolfiere,AIAA Journal,,"A. Samanta, D. Appelö, T. Colonius, J. Nott and J. Hall. AIAA Journal, 5:1007-1016, 2010.",titan-montgolfiere-aiaa-journal,,,manuscripts,
2009-12-28,A high-order super-grid-scale absorbing layer and its application to linear hyperbolic systems,Journal of Computational Physics,,"D. Appelö and T. Colonius. Journal of Computational Physics, 228(11):4200-4217, 2009.",high-order-super-grid-scale-absorbing-layer,,,manuscripts,
2009-12-27,A stable finite difference method for the elastic wave equation on complex geometries with free surfaces,Communications in Computational Physics,,"D. Appelö and N. A. Petersson. Communications in Computational Physics, 5(1):84-107, 2009.",stable-fd-elastic-wave-free-surfaces,,,manuscripts,
2009-12-26,A general perfectly matched layer model for hyperbolic-parabolic systems,SIAM Journal on Scientific Computing,,"D. Appelö and T. Hagstrom. SIAM Journal on Scientific Computing, 31(5):3301-3323, 2009.",general-pml-hyperbolic-parabolic,,,manuscripts,
2008-12-28,On cylindrically converging shock waves shaped by obstacles,Physica D: Nonlinear Phenomena,,"V. Eliasson, W. D. Henshaw and D. Appelö. Physica D: Nonlinear Phenomena, 237(14-17):2203-2209, 2008.",cylindrically-converging-shock-waves,,,manuscripts,
2007-12-28,Application of a perfectly matched layer to the nonlinear wave equation,Wave Motion,,"D. Appelö and G. Kreiss. Wave Motion, 44(7-8):531-548, 2007.",pml-nonlinear-wave-equation,,,manuscripts,
2007-12-27,Automatic symmetrization and energy estimates using local operators for partial differential equations,Communications in Partial Differential Equations,,"T. Hagstrom and D. Appelö. Communications in Partial Differential Equations, 32(7):1129-1145, 2007.",automatic-symmetrization-energy-estimates,,,manuscripts,
2006-12-28,"Perfectly matched layers for hyperbolic systems: General formulation, well-posedness, and stability",SIAM Journal on Applied Mathematics,,"D. Appelö, T. Hagstrom and G. Kreiss. SIAM Journal on Applied Mathematics, 67(1):1-23, 2006.",pml-hyperbolic-systems-general-formulation,,,manuscripts,
2006-12-27,A new absorbing layer for elastic waves,Journal of Computational Physics,,"D. Appelö and G. Kreiss. Journal of Computational Physics, 215(2):642-660, 2006.",new-absorbing-layer-elastic-waves,,,manuscripts,
2018-12-24,"HPS accelerated spectral solvers for time dependent problems: Part 1, algorithms","Proceedings of Spectral and High Order Methods for PDEs, ICOSAHOM 2018",,"T. Babb, P.-G. Martinsson and D. Appelö. In Proceedings of Spectral and High Order Methods for Partial Differential Equations, ICOSAHOM 2018.",hps-spectral-solvers-part-i,https://arxiv.org/abs/1811.04555,,conferences,
2018-12-23,"HPS accelerated spectral solvers for time dependent problems: Part 2, numerical experiments","Proceedings of Spectral and High Order Methods for PDEs, ICOSAHOM 2018",,"T. Babb, P.-G. Martinsson and D. Appelö. In Proceedings of Spectral and High Order Methods for Partial Differential Equations, ICOSAHOM 2018.",hps-spectral-solvers-part-ii,https://arxiv.org/abs/1811.04555,,conferences,
2019-12-23,WaveHoltz: Parallel and scalable solution of the Helmholtz equation,SEG Technical Program Expanded Abstracts,,"D. Appelö, F. Garcia and O. Runborg. Pages 1541-1545, 2019.",waveholtz-parallel-scalable,,,conferences,
2019-12-22,Energy stable staggered high order finite differences for optical media,2019 International Applied Computational Electromagnetics Society Symposium (ACES),,"D. Appelö, V. Bokil, Y. Cheng and F. Li. In 2019 International Applied Computational Electromagnetics Society Symposium (ACES), pages 1-2, April 2019.",energy-stable-staggered-optical-media,,,conferences,
2018-12-22,A pseudospectral method for solving the Bloch equations of the polarization density in e- storage rings,"9th International Particle Accelerator Conference, IPAC2018",,"A. Klaus, O. Beznosov, J. A. Ellison, D. P. Barber and D. Appelö. In 9th International Particle Accelerator Conference, IPAC2018, Vancouver, BC, Canada, 2018.",pseudospectral-bloch-ipac,,,conferences,
2017-12-27,On the scaling of entropy viscosity in high order methods,"Springer Lecture Notes in Computational Science and Engineering, ICOSAHOM 2016",,"A. Kornelus and D. Appelö. In Springer Lecture Notes in Computational Science and Engineering: ICOSAHOM 2016, Rio de Janeiro, pages 175-187. Springer, 2017.",scaling-entropy-viscosity,https://arxiv.org/abs/1703.06917,,chapters,
2015-12-27,Simulation and modeling of turbulent jet noise,"Direct and Large-Eddy Simulation IX, ERCOFTAC Series",,"T. Colonius, A. Sinha, D. Rodriguez, A. Towne, J. Liu, G. A. Bres, D. Appelö and T. Hagstrom. In Direct and Large-Eddy Simulation IX, ERCOFTAC Series, pages 305-310. Springer International Publishing, 2015.",simulation-modeling-turbulent-jet-noise,,,chapters,
2015-12-26,Solving PDEs with Hermite interpolation,"Springer Lecture Notes in Computational Science and Engineering, ICOSAHOM 2014",,"T. Hagstrom and D. Appelö. In Springer Lecture Notes in Computational Science and Engineering: ICOSAHOM 2014, Salt Lake City, pages 31-49. Springer, 2015.",solving-pdes-hermite-interpolation,,,chapters,
2012-12-25,An analysis of dispersion and dissipation properties of Hermite methods and its application to direct numerical simulation of jet noise,18th AIAA/CEAS Aeroacoustics Conference,,"C. Y. Jang, D. Appelö, T. Colonius, T. Hagstrom and M. Inkman. In 18th AIAA/CEAS Aeroacoustics Conference (33rd AIAA Aeroacoustics Conference), 2012.",dispersion-dissipation-hermite-jet-noise,,,conferences,
2011-12-26,Hermite methods for aeroacoustics: Recent progress,17th AIAA/CEAS Aeroacoustics Conference,,"D. Appelö, M. Inkman, T. Hagstrom and T. Colonius. In 17th AIAA/CEAS Aeroacoustics Conference, Portland, Oregon, number AIAA-2011-2757, 2011.",hermite-methods-aeroacoustics-progress,,,conferences,
2010-12-27,Development of arbitrary-order Hermite methods for simulation and analysis of turbulent jet noise,Procedia Engineering: IUTAM Symposium on Computational Aero-Acoustics,,"D. Appelö, T. Colonius, T. Hagstrom and M. Inkman. Procedia Engineering: IUTAM Symposium on Computational Aero-Acoustics for Aircraft Noise Prediction, University of Southampton, 2010.",arbitrary-order-hermite-jet-noise,,,conferences,
2009-12-25,Computational modeling and experiments of natural convection for a Titan Montgolfiere,AIAA Balloon Systems Conference,,"T. Colonius, D. Appelö, J. Nott and J. Hall. In AIAA Balloon Systems Conference, AIAA-2009-2806, Seattle, 2009.",titan-montgolfiere-balloon-conference,,,conferences,
2007-12-26,Experiments with Hermite methods for simulating compressible flows: Runge-Kutta time-stepping and absorbing layers,13th AIAA/CEAS Aeroacoustics Conference,,"T. Hagstrom and D. Appelö. In 13th AIAA/CEAS Aeroacoustics Conference, number 2007-3505, 2007.",experiments-hermite-compressible-flows,,,conferences,
2004-12-28,Construction of stable PMLs for general 2x2 symmetric hyperbolic systems,"Proceedings of the Tenth International Conference on Hyperbolic Problems, Osaka",,"D. Appelö and T. Hagstrom. In Proceedings of the Tenth International Conference on Hyperbolic Problems: Theory, Numerics, Applications, Osaka, 2004.",stable-pmls-2x2-hyperbolic,,,conferences,
2002-12-28,Evaluation of a well-posed perfectly matched layer for computational acoustics,"Hyperbolic Problems: Theory, Numerics, Applications, Proceedings of the Ninth International Conference on Hyperbolic Problems",,"D. Appelö and G. Kreiss. In E. Tadmor and T. Y. Hou, editors, Hyperbolic Problems: Theory, Numerics, Applications, pages 285-294. Springer Verlag, 2002.",evaluation-wellposed-pml-acoustics,,,conferences,
2017-12-26,An energy based discontinuous Galerkin method for acoustic-elastic waves,Waves 2017,,"D. Appelö and S. Wang. Extended abstract, Waves 2017.",energy-based-dg-acoustic-elastic-waves2017,,,abstracts,
2017-12-25,An energy based discontinuous Galerkin method for Hamiltonian systems,Waves 2017,,"D. Appelö, T. Hagstrom and A. Semenova. Extended abstract, Waves 2017.",energy-based-dg-hamiltonian,,,abstracts,
2017-12-24,Sobolev-dG: A class of dG methods with tame CFL numbers,Waves 2017,,"D. Appelö, T. Hagstrom and A. Kornelus. Extended abstract, Waves 2017.",sobolev-dg-tame-cfl,,,abstracts,
2015-12-25,A new discontinuous Galerkin formulation for wave equations in second order form,Waves 2015,,"D. Appelö and T. Hagstrom. Extended abstract, Waves 2015.",new-dg-formulation-waves2015,,,abstracts,
2015-12-24,Application of the entropy viscosity method to Hermite methods for shock problems,Waves 2015,,"A. Kornelus and D. Appelö. Extended abstract, Waves 2015.",entropy-viscosity-hermite-shocks,,,abstracts,
2011-12-25,Hermite methods for hyperbolic-parabolic systems,"Waves 2011, Vancouver",,"T. Hagstrom, D. Appelö and C. Y. Jang. In Waves 2011, Vancouver, Canada, 2011.",hermite-hyperbolic-parabolic-waves2011,,,abstracts,
2007-12-25,A stable finite difference method for the elastic wave equation on complex domains with free surface boundary conditions,"Proceedings of Waves 2007, Reading",,"D. Appelö, S. Nilsson, A. N. Petersson and B. Sjögreen. In Proceedings of Waves 2007, Reading, UK, 2007.",stable-fd-elastic-wave-waves2007,,,abstracts,
2005-12-28,A new PML for the simulation of elastic waves in anisotropic media,"The 7th International Conference on Mathematical and Numerical Aspects of Wave Propagation, Brown University",,"D. Appelö and G. Kreiss. In The 7th Int. Conf. on Math. and Num. Aspects of Wave Propagation, Brown University, 2005.",new-pml-anisotropic-elastic-waves,,,abstracts,
2003-12-28,Discretely nonreflecting boundary conditions for higher order centered schemes for wave equations,"Mathematical and Numerical Aspects of Wave Propagation, Proceedings Waves 2003",,"D. Appelö and G. Kreiss. In Cohen et al., editor, Mathematical and Numerical Aspects of Wave Propagation, Proceedings Waves 2003, pages 125-130. Springer Verlag, 2003.",discretely-nonreflecting-bc-waves2003,,,abstracts,
2024-12-28,Deterministic and Bayesian characterization of quantum computing devices,arXiv:2306.13747,,"Z. Peng, D. Appelö, N. A. Petersson, M. Motamed, F. Garcia and Y. Cho. arXiv:2306.13747, 2024.",deterministic-bayesian-quantum-characterization,https://arxiv.org/abs/2306.13747,,preprints,
2005-12-27,Absorbing layers and non-reflecting boundary conditions for wave propagation problems,"PhD thesis, Royal Institute of Technology",,"D. Appelö. PhD thesis, Royal Institute of Technology, October 2005.",phd-thesis-absorbing-layers,,,theses,
2003-12-27,Non-reflecting boundary conditions for wave propagation problems,"Licenciate thesis, Royal Institute of Technology",,"D. Appelö. Licenciate thesis, Royal Institute of Technology, 2003.",licentiate-thesis-nonreflecting-bc,,,theses,
2000-12-28,PML-methods for the linearized Euler equations,"Master's thesis, Royal Institute of Technology",,"D. Appelö. Master's thesis, Royal Institute of Technology, 2000.",masters-thesis-pml-euler,,,theses,
